[ {
  "id" : "1",
  "name" : "Auto",
  "description" : "Odlicno stanje",
  "price":2000,
  "seller":3,
  "likes":15,
  "dislikes":3,
  "active":true,
  "city":"Novi Sad",
  "reviews" : [ {
    "id" : "7",
    "adname" : "Auto",
    
    "title" : "Dobar",
    "buyerId" : "1",
    "content" : "Veoma dobar auto",
    "deleted" : false,
    "desctrue":true,
    "asagreed":true,
    "image":""
  } ],
  "deleted" : false,
  "image":"images/rolex.jpg",
  "begindate":"12.5.2017.",
  "category":"Auto",
  "enddate":"12.5.2020."
}, {
  "id" : "2",
  "name" : "Telefon",
  "description" : "Odlicno stanje, kao nov",
  "price":150,
   "seller":2,
  "likes":9,
  "dislikes":5,
  "active":false,
  "city":"Beograd",
  "reviews" : [ {
    "id" : "5",
    "adname" : "Telefon",
    "title" : "Ok",
    "buyerId" : "3",
    "content" : "Veoma dobar fon, ok stanje",
    "deleted" : false,
    "desctrue":true,
    "asagreed":true,
    "image":""
  } ],
  "deleted" : false,
  "image":"images/rolex.jpg",
  "begindate":"22.4.2018.",
   "category":"Auto",
  "enddate":"22.4.2021."
}, {
  "id" : "3",
  "name" : "Laptop",
  "description" : "Star 3 godine, dobro ocuvan",
  "price":250,
   "seller":3,
  "likes":4,
  "dislikes":1,
  "active":true,
  "city":"Nis",
  "reviews" : [ {
    "id" : "9",
    "adname" : "Laptop",
    "title" : "Ne radi kamera",
    "buyerId" : "5",
    "content" : "Veoma dobar laptop, ali ne radi kamera",
    "deleted" : false,
    "desctrue":true,
    "asagreed":false,
    "image":"images/rolex.jpg"
  } ],
  "deleted" : false,
  "image":"",
  "begindate":"2.3.2014.",
   "category":"Pokucstvo",
  "enddate":"2.3.2020."
}, {
   "id" : "4",
  "name" : "Sat",
  "description" : "Rucni sat, rolex, ocuvan",
  "price":390,
   "seller":3,
  "likes":25,
  "dislikes":4,
  "active":true,
  "city":"Novi Sad",
  "reviews" : [ {
    "id" : "11",
    "adname" : "Sat",
    "title" : "Dobar, malo izgreban",
    "buyerId" : "4",
    "content" : "Veoma dobar sat, malo izgreban",
    "deleted" : false,
    "desctrue":false,
    "asagreed":true,
    "image":""
  } ],
  "deleted" : false,
  "image":"images/rolex.jpg",
  "begindate":"8.6.2019.",
   "category":"Tehnika",
  "enddate":"7.6.2022."
}, {
  "id" : "5",
  "name" : "Lampa",
  "description" : "Stona lampa, kao nova",
  "price":20,
   "seller":3,
  "likes":1,
  "dislikes":3,
  "active":true,
  "city":"Beograd",
  "reviews" : [ {
    "id" : "12",
    "adname" : "Lampa",
    "title" : "Dobra lampa, stigla bez sijalice",
    "buyerId" : "4",
    "content" : "Ok lampa, dostavljena bez sijalice, iako stoji suprotno",
    "deleted" : false,
    "desctrue":true,
    "asagreed":false,
    "image":"images/rolex.jpg"
  } ],
  "deleted" : false,
  "image":"",
  "begindate":"23.10.2014.",
   "category":"Auto",
  "enddate":"27.10.2018."
}, {
  "id" : "7",
  "name" : "Ranac",
  "description" : "Ranac star godinu dana",
  "price":25,
   "seller":3,
  "likes":4,
  "dislikes":1,
  "active":true,
  "city":"Kragujevac",
  "reviews" : [ {
    "id" : "13",
    "adname" : "Ranac",
    "title" : "Iznosen ranac",
    "buyerId" : "14",
    "content" : "Ranac iznosen i iscepan ",
    "deleted" : false,
    "desctrue":false,
    "asagreed":false,
    "image":"images/rolex.jpg"
  } ],
  "deleted" : false,
  "image":"",
  "begindate":"19.09.2015.",
   "category":"Auto",
  "enddate":"18.09.2017."
}, {
   "id" : "8",
  "name" : "Punjac",
  "description" : "Original brzi punjaci za samsung",
  "price":10,
   "seller":3,
  "likes":19,
  "dislikes":0,
  "active":true,
  "city":"Kikinda",
  "reviews" : [ {
    "id" : "15",
    "adname" : "Punjac",
    "title" : "Odlican",
    "buyerId" : "15",
    "content" : "Punjac nov, kao iz fabrike ",
    "deleted" : false,
    "desctrue":true,
    "asagreed":true,
    "image":"images/rolex.jpg"
  },{
   "id" : "16",
    "adname" : "Punjac",
    "title" : "Perfektan",
    "buyerId" : "17",
    "content" : "Punjac je savrsen, original ",
    "deleted" : false,
    "desctrue":true,
    "asagreed":true,
    "image":""
  } ],
  "deleted" : false,
  "image":"",
  "begindate":"15.08.2016.",
   "category":"Tehnika",
  "enddate":"18.08.2017."
} ]